{"stat.useItem.minecraft.brick_stairs":6,"stat.flowerPotted":9,"stat.walkOneCm":159711,"stat.pickup.minecraft.spruce_door":1,"stat.useItem.minecraft.torch":9,"stat.pickup.minecraft.bone":1,"stat.useItem.minecraft.stone":13,"stat.useItem.minecraft.pumpkin":20,"stat.leaveGame":2,"stat.useItem.minecraft.log":337,"stat.useItem.minecraft.oak_stairs":334,"stat.useItem.minecraft.acacia_stairs":33,"stat.killEntity.Creeper":2,"stat.useItem.minecraft.diamond_sword":6,"stat.useItem.minecraft.glowstone":68,"stat.useItem.minecraft.flower_pot":9,"stat.jump":303,"stat.useItem.minecraft.sand":241,"stat.swimOneCm":8970,"stat.useItem.minecraft.planks":463,"stat.useItem.minecraft.purpur_pillar":21,"stat.climbOneCm":532,"stat.pickup.minecraft.gunpowder":1,"stat.crouchOneCm":282,"stat.useItem.minecraft.stained_hardened_clay":1,"stat.useItem.minecraft.dirt":4,"stat.sprintOneCm":3235,"achievement.exploreAllBiomes":{"value":0,"progress":["Flower Forest","Plains","Extreme Hills"]},"stat.useItem.minecraft.fence":34,"stat.useItem.minecraft.glass_pane":135,"stat.useItem.minecraft.water_bucket":53,"stat.useItem.minecraft.birch_door":2,"stat.useItem.minecraft.stone_slab":7,"stat.useItem.minecraft.bed":2,"achievement.openInventory":145,"stat.useItem.minecraft.iron_block":39,"stat.useItem.minecraft.wooden_button":2,"stat.useItem.minecraft.stone_brick_stairs":58,"stat.useItem.minecraft.purpur_stairs":9,"stat.mobKills":2,"stat.useItem.minecraft.stonebrick":3,"stat.useItem.minecraft.bucket":1,"stat.useItem.minecraft.brick_block":360,"stat.flyOneCm":685614,"stat.useItem.minecraft.monster_egg":136,"stat.useItem.minecraft.spruce_door":2,"stat.pickup.minecraft.wheat_seeds":1,"stat.pickup.minecraft.egg":1,"stat.playOneMinute":125077,"stat.useItem.minecraft.banner":2,"stat.pickup.minecraft.red_flower":2,"stat.sneakTime":3071,"stat.useItem.minecraft.purpur_block":10,"stat.damageDealt":400,"stat.useItem.minecraft.wool":65,"stat.sleepInBed":1,"stat.timeSinceDeath":125077,"stat.useItem.minecraft.birch_stairs":9,"stat.useItem.minecraft.sign":19,"stat.useItem.minecraft.wooden_slab":78,"stat.diveOneCm":126147}