{"stat.drop.minecraft.pumpkin":1,"stat.pickup.minecraft.bone":3,"stat.useItem.minecraft.quartz_stairs":24,"stat.leaveGame":4,"stat.pickup.minecraft.arrow":1,"stat.pickup.minecraft.wooden_pressure_plate":1,"stat.useItem.minecraft.diamond_sword":6,"stat.useItem.minecraft.glowstone":72,"stat.drop.minecraft.banner":2,"stat.jump":479,"stat.swimOneCm":7964,"stat.useItem.minecraft.planks":5,"stat.fallOneCm":211,"stat.climbOneCm":528,"stat.pickup.minecraft.glowstone":1,"stat.crouchOneCm":9490,"stat.useItem.minecraft.stone_button":1,"stat.drop.minecraft.glowstone":1,"achievement.exploreAllBiomes":{"value":0,"progress":["Flower Forest","Plains","Extreme Hills"]},"stat.pickup.minecraft.brick_block":1,"stat.drop.minecraft.brick_block":1,"stat.damageTaken":40,"stat.mineBlock.minecraft.red_flower":1,"stat.useItem.minecraft.brick_block":75,"stat.flyOneCm":966344,"stat.pickup.minecraft.wheat_seeds":7,"stat.damageDealt":370,"stat.useItem.minecraft.wool":174,"stat.sleepInBed":1,"stat.timeSinceDeath":138789,"stat.drop.minecraft.log":1,"stat.useItem.minecraft.sign":1,"stat.useItem.minecraft.command_block":1,"stat.walkOneCm":130730,"stat.useItem.minecraft.pumpkin":14,"stat.useItem.minecraft.log":108,"stat.drop.minecraft.wool":1,"stat.drop.minecraft.red_flower":1,"stat.useItem.minecraft.sea_lantern":2,"stat.drop.minecraft.planks":2,"stat.useItem.minecraft.stained_hardened_clay":6,"stat.sprintOneCm":62391,"stat.useItem.minecraft.fence":19,"stat.pickup.minecraft.banner":1,"stat.killEntity.Skeleton":1,"stat.useItem.minecraft.stone_slab":13,"achievement.openInventory":46,"stat.useItem.minecraft.iron_block":1,"stat.killEntity.Spider":1,"stat.useItem.minecraft.stone_pressure_plate":2,"stat.mobKills":2,"stat.useItem.minecraft.wooden_pressure_plate":10,"stat.drop":9,"stat.playOneMinute":138789,"stat.useItem.minecraft.banner":15,"stat.pickup.minecraft.red_flower":8,"stat.useItem.minecraft.ladder":8,"stat.sneakTime":4927,"stat.pickup.minecraft.wool":1,"stat.diveOneCm":111334,"stat.useItem.minecraft.sandstone":2}